{
  "hash": "bc651afe",
  "configHash": "382fd093",
  "lockfileHash": "a48de147",
  "browserHash": "527d03f9",
  "optimized": {
    "@angular/common": {
      "src": "../../../../../node_modules/@angular/common/fesm2022/common.mjs",
      "file": "@angular_common.js",
      "fileHash": "88ac61d4",
      "needsInterop": false
    },
    "@angular/core": {
      "src": "../../../../../node_modules/@angular/core/fesm2022/core.mjs",
      "file": "@angular_core.js",
      "fileHash": "ebe0ad29",
      "needsInterop": false
    },
    "@angular/platform-browser": {
      "src": "../../../../../node_modules/@angular/platform-browser/fesm2022/platform-browser.mjs",
      "file": "@angular_platform-browser.js",
      "fileHash": "e9b552e5",
      "needsInterop": false
    },
    "@angular/router": {
      "src": "../../../../../node_modules/@angular/router/fesm2022/router.mjs",
      "file": "@angular_router.js",
      "fileHash": "87a31b5c",
      "needsInterop": false
    }
  },
  "chunks": {
    "chunk-Y3YCX2FO": {
      "file": "chunk-Y3YCX2FO.js"
    },
    "chunk-QHALDMLH": {
      "file": "chunk-QHALDMLH.js"
    },
    "chunk-GSEU53OH": {
      "file": "chunk-GSEU53OH.js"
    }
  }
}